<?xml version="1.0" encoding="UTF-8"?>
<beans xmlns="http://www.springframework.org/schema/beans"
	xmlns:xsi="http://www.w3.org/2001/XMLSchema-instance" xmlns:jee="http://www.springframework.org/schema/jee"
	xmlns:tx="http://www.springframework.org/schema/tx" xmlns:context="http://www.springframework.org/schema/context"
	xmlns:cache="http://www.springframework.org/schema/cache"
	xsi:schemaLocation="http://www.springframework.org/schema/beans http://www.springframework.org/schema/beans/spring-beans.xsd
	http://www.springframework.org/schema/tx http://www.springframework.org/schema/tx/spring-tx.xsd
	http://www.springframework.org/schema/jee http://www.springframework.org/schema/jee/spring-jee.xsd
	http://www.springframework.org/schema/context http://www.springframework.org/schema/context/spring-context.xsd
	http://www.springframework.org/schema/cache   
    http://www.springframework.org/schema/cache/spring-cache.xsd"
	default-lazy-init="true">

	<context:annotation-config />
	<context:component-scan base-package="com.quhaodian.user" />
	<context:component-scan base-package="com.quhaodian.site" />
	<context:component-scan base-package="com.quhaodian.area" />
	<context:component-scan base-package="com.quhaodian.web" />
	<context:component-scan base-package="com.quhaodian.plug" />
	<context:component-scan base-package="com.quhaodian.quartz" />
	<context:component-scan base-package="com.quhaodian.notice" />
	<context:component-scan base-package="com.quhaodian.workflow" />


	<!-- 对包中的所有类进行扫描，以完成Bean创建和自动依赖注入的功能 需要更改 -->
	<context:component-scan base-package="com.quhaodian" />

	<bean id="propertyConfigurer"
		class="org.springframework.beans.factory.config.PropertyPlaceholderConfigurer">
		<property name="locations">
			<list>
				<value>classpath:jdbc.properties</value>
				<value>classpath:site.properties</value>
			</list>
		</property>
	</bean>
	<bean id="treeInterceptor" class="com.quhaodian.common.hibernate.TreeIntercptor" />

	<bean id="dataSource"
		class="org.springframework.jdbc.datasource.DriverManagerDataSource">
		<property name="driverClassName" value="${jdbc.driverClassName}" />
		<property name="url" value="${jdbc.url}" />
		<property name="username" value="${jdbc.username}" />
		<property name="password" value="${jdbc.password}" />
	</bean>
	<bean id="sessionFactory"
		class="org.springframework.orm.hibernate5.LocalSessionFactoryBean">
		<property name="dataSource" ref="dataSource" />
		<property name="hibernateProperties">

			<props>
				<prop key="hibernate.dialect">org.hibernate.dialect.MySQL55Dialect</prop>
				<prop key="hibernate.show_sql">false</prop><!-- -->
				<prop key="hibernate.format_sql">true</prop>
				<prop key="hibernate.hbm2ddl.auto">update</prop> <!--none update  create create-drop validate-->
				<prop key="hibernate.jdbc.batch_size">20</prop>
			</props>
		</property>
		<property name="packagesToScan">
			<list>
				<value>com.quhaodian.user</value>
				<value>com.quhaodian.site</value>
				<value>com.quhaodian.web</value>
				<value>com.quhaodian.area</value>
				<value>com.quhaodian.plug</value>
				<value>com.quhaodian.quartz</value>
				<value>com.quhaodian.notice</value>
				<value>com.quhaodian.workflow.data.entity</value>
				<value>com.quhaodian.adminstore.data.entity</value>
			</list>
		</property>
		<property name="entityInterceptor" ref="treeInterceptor">
		</property>
	</bean>
	<bean id="transactionManager"
		class="org.springframework.orm.hibernate5.HibernateTransactionManager">
		<property name="sessionFactory" ref="sessionFactory" />
	</bean>
	<tx:annotation-driven />

</beans>