<?xml version="1.1" encoding="UTF-8"?>
<beans xmlns="http://www.springframework.org/schema/beans"
	xmlns:xsi="http://www.w3.org/2001/XMLSchema-instance"
	default-lazy-init="true" xmlns:context="http://www.springframework.org/schema/context"
	xsi:schemaLocation="http://www.springframework.org/schema/beans http://www.springframework.org/schema/beans/spring-beans.xsd
		http://www.springframework.org/schema/context http://www.springframework.org/schema/context/spring-context.xsd">

	<bean id="processEngineConfiguration" class="org.activiti.spring.SpringProcessEngineConfiguration">
		<property name="dataSource" ref="dataSource" />
		<property name="transactionManager" ref="transactionManager" />
		<property name="databaseSchemaUpdate" value="true" />
	</bean>
	<bean id="processEngine" class="org.activiti.spring.ProcessEngineFactoryBean">
		<property name="processEngineConfiguration" ref="processEngineConfiguration" />
	</bean>
	<bean id="repositoryService" factory-bean="processEngine"
		factory-method="getRepositoryService" />
	<bean id="runtimeService" factory-bean="processEngine"
		factory-method="getRuntimeService" />
	<bean id="taskService" factory-bean="processEngine"
		factory-method="getTaskService" />
	<bean id="historyService" factory-bean="processEngine"
		factory-method="getHistoryService" />
	<bean id="managementService" factory-bean="processEngine"
		factory-method="getManagementService" />
	<bean id="dynamicBpmnService" factory-bean="processEngine"
		  factory-method="getDynamicBpmnService" />

</beans>